[{"id":"default-slice","name":"Default slice","docURL":"...","version":"sktwi1xtmkfgx8626","description":"ImageHighlight","primary":{"title":[{"type":"heading2","text":"expedite 24/7 e-business","spans":[]}],"headline":[{"type":"paragraph","text":"morph proactive channels","spans":[]}],"link":{"link_type":"Web","url":"https://slicemachine.dev"},"linkLabel":"A text of type \"\" that conveys ","featuredImage":{"dimensions":{"width":900,"height":500},"alt":"Placeholder image","copyright":null,"url":"https://images.prismic.io/important-sm-images/127420c8-a520-4aae-a2da-b57b0c163ff3_WV0x4C4JV8A.jpg?w=900&h=500"}},"items":[],"slice_type":"image_highlight"}]