{
  "id": "image_highlight",
  "type": "SharedSlice",
  "name": "ImageHighlight",
  "description": "ImageHighlight",
  "variations": [
    {
      "id": "default-slice",
      "name": "Default slice",
      "docURL": "...",
      "version": "sktwi1xtmkfgx8626",
      "description": "ImageHighlight",
      "primary": {
        "title": {
          "config": {
            "label": "Title",
            "placeholder": "This is where it all begins...",
            "allowTargetBlank": true,
            "single": "heading2"
          },
          "type": "StructuredText"
        },
        "headline": {
          "config": {
            "label": "Headline",
            "placeholder": "A nice description of your product",
            "allowTargetBlank": true,
            "multi": "paragraph"
          },
          "type": "StructuredText"
        },
        "link": {
          "type": "Link",
          "config": {
            "label": "",
            "id": "link",
            "placeholder": "",
            "allowTargetBlank": true
          }
        },
        "linkLabel": {
          "type": "Text",
          "config": {
            "label": "",
            "id": "linkLabel",
            "placeholder": ""
          }
        },
        "featuredImage": {
          "config": {
            "label": "",
            "constraint": {},
            "thumbnails": []
          },
          "type": "Image"
        }
      },
      "items": {}
    }
  ]
}