{
  "id": "text_slice",
  "type": "SharedSlice",
  "name": "TextSlice",
  "description": "TextSlice",
  "variations": [
    {
      "id": "default-slice",
      "name": "Default slice",
      "docURL": "...",
      "version": "sktwi1xtmkfgx8626",
      "description": "TextSlice",
      "primary": {
        "richtext": {
          "config": {
            "label": "Rich Text",
            "placeholder": "This is where it all begins...",
            "allowTargetBlank": true,
            "multi": "heading1,rtl,heading6,heading5,heading4,heading3,heading2,paragraph,preformatted"
          },
          "type": "StructuredText"
        }
      },
      "items": {}
    }
  ]
}