[{"id":"default-slice","name":"Default slice","docURL":"...","version":"sktwi1xtmkfgx8626","description":"ImageGallery","primary":{"galleryTitle":[{"type":"heading2","text":"repurpose cross-media metrics","spans":[]}]},"items":[{"image":{"dimensions":{"width":900,"height":500},"alt":"Placeholder image","copyright":null,"url":"https://images.prismic.io/important-sm-images/58805194-78f8-4f89-abca-4b3a270ad365_jef0ubjI_Hs.jpg?w=900&h=500"},"imageDescription":[{"type":"paragraph","text":"target proactive infomediaries","spans":[]}],"link":{"link_type":"Web","url":"https://slicemachine.dev"},"linkLabel":[{"type":"heading1","text":"e-enable B2C ROI","spans":[]}]},{"image":{"dimensions":{"width":900,"height":500},"alt":"Placeholder image","copyright":null,"url":"https://images.prismic.io/important-sm-images/0be9cf2b-fb56-44f2-8a28-6569845c633b_NP-pwHBvCYE.jpg?w=900&h=500"},"imageDescription":[{"type":"paragraph","text":"streamline mission-critical mindshare","spans":[]}],"link":{"link_type":"Web","url":"https://slicemachine.dev"},"linkLabel":[{"type":"heading1","text":"optimize value-added paradigms","spans":[]}]}],"slice_type":"image_gallery"}]