{
  "id": "image_gallery",
  "type": "SharedSlice",
  "name": "ImageGallery",
  "description": "ImageGallery",
  "variations": [
    {
      "id": "default-slice",
      "name": "Default slice",
      "docURL": "...",
      "version": "sktwi1xtmkfgx8626",
      "description": "ImageGallery",
      "primary": {
        "galleryTitle": {
          "config": {
            "label": "Gallery Title",
            "placeholder": "This is where it all begins...",
            "allowTargetBlank": true,
            "single": "heading2"
          },
          "type": "StructuredText"
        }
      },
      "items": {
        "image": {
          "type": "Image",
          "config": {
            "id": "image",
            "label": "",
            "constraint": {},
            "thumbnails": []
          }
        },
        "imageDescription": {
          "config": {
            "label": "",
            "placeholder": "",
            "allowTargetBlank": true,
            "single": "paragraph"
          },
          "type": "StructuredText"
        },
        "link": {
          "type": "Link",
          "config": {
            "label": "",
            "id": "link",
            "placeholder": "",
            "allowTargetBlank": true
          }
        },
        "linkLabel": {
          "type": "StructuredText",
          "config": {
            "label": "",
            "id": "linkLabel",
            "placeholder": "",
            "allowTargetBlank": true,
            "single": "paragraph,preformatted,heading1,heading2,heading3,heading4,heading5,heading6,rtl"
          }
        }
      }
    }
  ]
}